"Exposure","Method","Estimate","LowerCI","UpperCI"
"Adult BMI","MR Egger",0.11176638683803,0.0661555108187833,0.157377262857276
"Adult BMI","Inverse variance weighted",0.10560811575721,0.077409531467303,0.133806700047116
"Adult BMI","Weighted median",0.126595765183336,0.0885878581809514,0.16460367218572
"Adult BMI","Robust adjusted profile score (RAPS)",0.120719141225088,0.0909039499147313,0.150534332535444
