"childhood LDL-C","adult LDL-C","childhood BMI","adult BMI","childhood SBP","adult SBP","Stroke"
1.00000000000001,0.0213418431567852,0.00583238431336622,0.0256323013017312,0.0224872502227373,0.0045752287582316,0.00936356530164508
0.0213418431567852,0.999999999999984,-0.00774442874815656,0.00271020941526737,-0.00466924509474303,0.0133738530538576,0.0188010985631074
0.00583238431336621,-0.00774442874815656,1,0.0233937393664094,0.00284844983290761,0.00608318252533958,0.00473383810929122
0.0256323013017312,0.00271020941526737,0.0233937393664094,0.999999999999991,0.0145960672404234,0.155584204278186,0.0407794602916327
0.0224872502227373,-0.00466924509474304,0.00284844983290761,0.0145960672404234,1.00000000000001,0.036686607444037,0.0112994406781247
0.0045752287582316,0.0133738530538576,0.00608318252533958,0.155584204278186,0.036686607444037,0.999999999999981,0.0351744021698486
0.00936356530164508,0.0188010985631074,0.00473383810929122,0.0407794602916327,0.0112994406781247,0.0351744021698486,0.999999999999982
