"","childhood LDL-C","adult LDL-C","childhood BMI","adult BMI","childhood SBP","adult SBP","Stroke"
"childhood LDL-C",1,0.0214697568042521,0.029598919095301,0.0255245965181719,0.0225995355043291,0.0045223494307759,0.00937983030282575
"adult LDL-C",0.0214697568042521,1,0.00645576985233833,0.00265341857916098,-0.00457880619692693,0.0133622132929636,0.018793002762898
"childhood BMI",0.029598919095301,0.00645576985233833,1,-0.00530042338815582,0.0936443915372929,0.00755908733665344,-0.00394647156081965
"adult BMI",0.0255245965181719,0.00265341857916098,-0.00530042338815582,1,0.0145442221213197,0.155617345244192,0.0407728563123607
"childhood SBP",0.0225995355043291,-0.00457880619692693,0.0936443915372929,0.0145442221213197,1,0.0366626507449524,0.0113150943337293
"adult SBP",0.0045223494307759,0.0133622132929636,0.00755908733665344,0.155617345244192,0.0366626507449524,1,0.0351728185437009
"Stroke",0.00937983030282575,0.018793002762898,-0.00394647156081965,0.0407728563123607,0.0113150943337293,0.0351728185437009,1
