"","1-year-old BMI","8-year-old BMI","Adult BMI","Breast Cancer"
"1-year-old BMI",1,0.260766826777889,0.00259711496796452,-0.00387723648882369
"8-year-old BMI",0.260766826777889,1,0.0214556410173616,-0.00900401361126249
"Adult BMI",0.00259711496796452,0.0214556410173616,1,0.000500262826793478
"Breast Cancer",-0.00387723648882369,-0.00900401361126249,0.000500262826793478,1
